<?xml version="1.0" encoding="UTF-8"?>
<project-private xmlns="http://www.netbeans.org/ns/project-private/1">
    <editor-bookmarks xmlns="http://www.netbeans.org/ns/editor-bookmarks/2" lastBookmarkId="0"/>
    <open-files xmlns="http://www.netbeans.org/ns/projectui-open-files/2">
        <group>
            <file>file:/C:/Users/nevil/Desktop/ISO/ISO/src/java/com/iso/faculty/FacultyFormServlet.java</file>
            <file>file:/C:/Users/nevil/Desktop/ISO/ISO/web/templates/faculty/faculty_dashboard.jsp</file>
            <file>file:/C:/Users/nevil/Desktop/ISO/ISO/src/java/com/iso/Users/Login/Login.java</file>
            <file>file:/C:/Users/nevil/Desktop/ISO/ISO/web/templates/faculty/faculty_form.jsp</file>
            <file>file:/C:/Users/nevil/Desktop/ISO/ISO/src/java/com/iso/faculty/FacultyDashboardServlet.java</file>
            <file>file:/C:/Users/nevil/Desktop/ISO/ISO/web/index.jsp</file>
        </group>
    </open-files>
</project-private>
